hotelcode,hotelid,hotelname
1039,S010039,ホテル大雪 ＯＮＳＥＮ＆ＣＡＮＹＯＮ ＲＥＳＯＲＴ
1053,S010053,富良野リゾート オリカ
1058,S010058,星野リゾート リゾナーレ トマム
1067,S010067,北天の丘あばしり湖鶴雅リゾート
1081,S010081,知床第一ホテル
1082,S010082,北こぶし 知床 ホテル＆リゾート
1083,S010083,キキ 知床 ナチュラルリゾート
1096,S010096,あかん遊久の里 鶴雅
1098,S010098,あかん鶴雅別荘 鄙の座
1114,S010114,森のスパリゾート 北海道ホテル
1115,S010115,ホテル日航ノースランド帯広
1120,S010120,十勝川温泉第一ホテル
1133,S010133,京王プラザホテル札幌
1134,S010134,ＪＲタワーホテル日航札幌
1136,S010136,ホテルモントレエーデルホフ札幌
1148,S010148,クロスホテル札幌
1154,S010154,札幌プリンスホテル
1156,S010156,札幌グランドホテル
1190,S010190,プレミアホテル−ＴＳＵＢＡＫＩ−札幌
1197,S010197,定山渓万世閣ホテルミリオーネ
1198,S010198,グランドブリッセンホテル定山渓
1199,S010199,奥定山渓温泉 佳松御苑
1201,S010201,章月グランドホテル
1204,S010204,ぬくもりの宿 ふる川
1206,S010206,定山渓鶴雅リゾートスパ森の謌
1213,S010213,料亭湯宿 銀鱗荘
1224,S010224,しこつ湖鶴雅リゾートスパ水の謌
1235,S010235,旅亭 花ゆら
1237,S010237,望楼ＮＯＧＵＣＨＩ登別
1243,S010243,登別温泉郷 滝乃家
1247,S010247,緑の風リゾートきたゆざわ
1251,S010251,ザ レイクビューＴＯＹＡ 乃の風リゾート
1257,S010257,ザ・ウィンザーホテル洞爺リゾート＆スパ
1261,S010261,ニセコ昆布温泉 鶴雅別荘 杢の抄
1278,S010278,ウェスティン ルスツリゾート
1283,S010283,ＨＡＫＯＤＡＴＥ男爵倶楽部ＨＯＴＥＬ＆ＲＥＳＯＲＴＳ
1298,S010298,望楼ＮＯＧＵＣＨＩ函館
1304,S010304,竹葉新葉亭
5196,S010319,心のリゾート海の別邸ふる川
42083,S010366,函館大沼 鶴雅リゾート エプイ
48404,S010395,女性のためだけのお宿翠蝶館
55983,S010406,翠山亭倶楽部定山渓
56003,S010407,支笏湖第一寶亭留翠山亭
57663,S010415,フラノ寶亭留
59964,S010418,クラブメッド 北海道 サホロ
79743,S010601,小樽旅亭 藏群
90324,S010648,レイクサイドヴィラ翠明閣
98343,S010672,カムイの湯 ラビスタ阿寒川
116723,S010753,ＨＡＫＯＤＡＴＥ 海峡の風
140900,S010830,クラブメッド 北海道 トマム
141745,S010837,プレミアホテル 中島公園 札幌
144370,S010865,ＨＯＴＥＬ＆ＳＰＡ センチュリーマリーナ函館
149702,S010911,敷島定山渓別邸
150291,S010919,ポルトムインターナショナル北海道
150298,S010920,パークハイアットニセコ ＨＡＮＡＺＯＮＯ
150720,S010922,函館湯の川温泉 海と灯／ヒューイットリゾート
151525,S010931,シャレーアイビー定山渓
151526,S010932,シャレーアイビーヒラフ
151533,S010933,ザ・レイクスイート湖の栖
151538,S010934,しこつ湖鶴雅別荘 碧の座
151584,S010935,厨翠山
151700,S010940,東山ニセコビレッジ リッツ・カールトン・リザーブ
151702,S010941,ＷＥ ＨＯＴＥＬ ＴＯＹＡ
151712,S010943,Ｙｕ Ｋｉｒｏｒｏ
152427,S010957,十勝川温泉 三余庵
152630,S010961,定山渓 ゆらく草庵（共立リゾート）
153276,S010970,綾ニセコ
153360,S010972,ラビスタ函館ベイＡＮＮＥＸ
153456,S010974,割烹旅館 若松
153607,S010975,洞爺湖 鶴雅リゾート 洸の謌
1328,S020014,南部屋・海扇閣
1342,S020028,八甲田ホテル
1357,S020043,ホテルグランメール山海荘
1392,S030021,ホテル紫苑
1403,S030032,花巻温泉 佳松園
1409,S030038,山の神温泉 優香苑
73743,S030085,游泉 志だて
110163,S030146,渚亭たろう庵
129323,S030175,四季彩の宿ふる里
151682,S030219,山の神温泉別墅 清流館
151711,S030220,四季亭
1450,S040018,小松館 好風亭
1454,S040022,松島温泉元湯 ホテル 海風土
1479,S040047,ウェスティンホテル仙台
1482,S040050,仙台ロイヤルパークホテル
1487,S040055,篝火の湯 緑水亭
1495,S040063,茶寮 宗園
1505,S040073,時音の宿 湯主一條
100223,S040177,竹泉荘 ＣＨＩＫＵＳＥＮＳＯ ＯＮＳＥＮ
137563,S040207,ホテルメトロポリタン仙台イースト
149181,S040260,ホテルグランバッハ仙台
152351,S040271,松島温泉 湯元 松島一の坊
152352,S040272,ゆづくしＳａｌｏｎ一の坊
1509,S050002,十和田ホテル
1511,S050004,十和田プリンスホテル
106583,S050096,夏瀬温泉 都わすれ
111543,S050107,乳頭温泉郷 妙乃湯
147058,S050148,秋の宮温泉郷 湯けむりの宿 稲住温泉
1556,S060004,ほほえみの宿 滝の湯
1575,S060023,蔵王国際ホテル
1580,S060028,深山荘高見屋
1599,S060047,日本の宿古窯
1615,S060063,游水亭いさごや
1616,S060064,亀や
1626,S060074,萬国屋
1627,S060075,たちばなや
1666,S070036,四季彩 一力
1675,S070045,裏磐梯高原ホテル
1693,S070063,御宿 東鳳
1699,S070069,大川荘
33044,S070095,モノリスタワー
63844,S070110,グランドエクシブ那須白河ザ・ロッジ
151390,S070290,オーベルジュ鈴鐘
151532,S070291,熱海荘
151539,S070292,御宿 万葉亭
1720,S080003,としまや月浜の湯
1724,S080007,水戸プラザホテル
1755,S090009,那須温泉 山楽
1783,S090037,鬼怒川グランドホテル 夢の季
1786,S090040,鬼怒川温泉 山楽
1807,S090061,日光金谷ホテル
1808,S090062,日光 星の宿
1817,S090071,中禅寺金谷ホテル
150052,S090310,塩の湯温泉 蓮月
151544,S090315,鬼怒川 湯わん。
151694,S090316,ザ・リッツ・カールトン日光
152167,S090321,ホテル四季の館 那須
1866,S100032,福一
1869,S100035,如心の里 ひびき野
1879,S100045,奥伊香保 旅邸 諧暢楼
1889,S100055,奈良屋
1890,S100056,草津温泉 望雲
1898,S100064,湯宿 季の庭
1917,S100083,かやぶきの郷 薬師温泉旅籠
40443,S100097,川場温泉かやぶきの源泉湯宿悠湯里庵
80955,S100238,別邸仙寿庵
81006,S100244,香雲館
141920,S100365,千明仁泉亭
149695,S100381,ラビスタ草津ヒルズ
1964,S120020,鴨川館
2029,S120085,ホテルニューオータニ幕張
2033,S120089,シェラトン・グランデ・トーキョーベイ・ホテル
2035,S120091,ホテルオークラ東京ベイ
2037,S120093,東京ベイ舞浜ホテル
2038,S120094,ディズニーアンバサダー（Ｒ）ホテル
2039,S120095,東京ディズニーランド（Ｒ）ホテル
2040,S120096,東京ディズニーシー・ホテルミラコスタ（Ｒ）
110863,S120272,ホテル 洲の崎 風の抄
146043,S120349,ハイアットリージェンシー東京ベイ
148295,S120359,グランドニッコー東京ベイ 舞浜
151444,S120387,広丞庵 かのか
151652,S120390,渓谷別庭 もちの木
152340,S120398,鳥居崎倶楽部ＨＯＴＥＬ＆ＳＥＡＦＯＯＤＳ
2057,S130003,丸ノ内ホテル
2059,S130005,シャングリ・ラ 東京
2060,S130006,マンダリンオリエンタル東京
2061,S130007,帝国ホテル
2063,S130009,ザ・ペニンシュラ東京
2064,S130010,三井ガーデンホテル銀座プレミア
2080,S130026,ロイヤルパークホテル
2088,S130034,ザ ロイヤルパークホテル アイコニック 東京汐留
2090,S130036,コンラッド東京
2096,S130042,ザ・プリンスパークタワー東京
2100,S130046,ホテル ザ セレスティン 東京芝（旧セレスティンホテル）
2105,S130051,グランドプリンスホテル高輪
2106,S130052,グランドプリンスホテル新高輪
2109,S130055,ザ・プリンスさくらタワー東京
2111,S130057,東京マリオットホテル
2118,S130064,シェラトン都ホテル東京
2119,S130065,ウェスティンホテル東京
2123,S130069,セルリアンタワー東急ホテル
2135,S130081,京王プラザホテル
2141,S130087,ハイアット リージェンシー 東京
2148,S130094,リーガロイヤルホテル東京
2149,S130095,ホテル椿山荘東京
2171,S130117,庭のホテル東京
2185,S130131,グランドハイアット東京
2189,S130135,ザ・リッツ・カールトン東京
2191,S130137,ホテルニューオータニ
2199,S130145,ザ・キャピトルホテル 東急
2233,S130179,グランドニッコー東京 台場
2234,S130180,ヒルトン東京お台場
2265,S130211,フォレスト・イン 昭和館
5204,S130223,ホテル雅叙園東京
32743,S130265,パレスホテル東京
34384,S130270,ＴＨＥ ＧＡＴＥ ＨＯＴＥＬ 雷門 ｂｙ ＨＵＬＩＣ
34763,S130273,東京ステーションホテル
50583,S130325,ミレニアム三井ガーデンホテル東京
135523,S130764,アマン東京
142780,S130824,アスコット丸の内東京
147053,S130898,Ｔｈｅ Ｏｋｕｒａ Ｔｏｋｙｏ
147922,S130906,ザ・キタノホテル東京
148119,S130908,メズム東京、オートグラフコレクション
150817,S130995,東京エディション虎ノ門
151097,S131009,ホテル ザ セレスティン銀座
151628,S131019,ＴＨＥ ＧＡＴＥ ＨＯＴＥＬ 両国 ｂｙＨＵＬＩＣ
151629,S131020,ＴＨＥ ＧＡＴＥ ＨＯＴＥＬ 東京 ｂｙＨＵＬＩＣ
151687,S131023,ＰＥＴＡＬＳ ＴＯＫＹＯ
151737,S131025,ホテルグランバッハ東京銀座
152958,S131066,オークウッドプレミア東京
2275,S140001,横浜ベイシェラトンホテル＆タワーズ
2280,S140006,ヨコハマグランドインターコンチネンタルホテル
2281,S140007,横浜ベイホテル東急
2282,S140008,横浜ロイヤルパークホテル
2284,S140010,ホテルニューグランド
2321,S140047,鎌倉プリンスホテル
2357,S140083,ホテルはつはな
2365,S140091,富士屋ホテル
2366,S140092,箱根吟遊
2389,S140115,箱根ハイランドホテル
2396,S140122,山のホテル
2397,S140123,ザ・プリンス箱根芦ノ湖 別館
2398,S140124,龍宮殿
2400,S140126,ザ・プリンス箱根芦ノ湖 本館
2404,S140130,箱根ホテル
2405,S140131,箱根湯の花プリンスホテル
56364,S140201,遊心亭
59063,S140212,真奈邸箱根
59864,S140215,海石榴 つばき
69244,S140264,オーベルジュ オー・ミラドー
78043,S140299,玉庭
85625,S140325,箱根 花紋
136004,S140454,箱根小涌園 天悠
141831,S140468,強羅温泉 雪月花別邸 翠雲
148127,S140491,インターコンチネンタル横浜Ｐｉｅｒ８
148334,S140493,ハイアットリージェンシー横浜
148375,S140496,ザ・カハラ・ホテル＆リゾート 横浜
149690,S140508,オークウッドスイーツ横浜
151042,S140545,箱根強羅 白檀
151631,S140554,ｂａｒ ｈｏｔｅｌ 箱根香山
151653,S140555,箱根 料理宿 弓庵
151677,S140556,玄 箱根強羅
152041,S140560,全室露天風呂付客室 センチュリオン箱根別邸
152104,S140562,強羅花扇
152168,S140563,ホテル四季の館 箱根芦ノ湖
152346,S140565,懐石旅庵 阿しか里
152594,S140568,ウェスティンホテル横浜
153177,S140571,ラ・クラッセ・ドゥ・シェネガ
153492,S140573,金乃竹 仙石原
153493,S140574,ＨＯＴＥＬ 坐楽閑
153495,S140576,金乃竹 塔ノ澤
153496,S140577,松坂屋本店
2406,S150001,大観荘せなみの湯
2412,S150007,四季の郷 喜久屋
2414,S150009,白玉の湯 泉慶
2415,S150010,白玉の湯 華鳳
2427,S150022,ホテル日航新潟
2429,S150024,ホテルオークラ新潟
2430,S150025,ＡＮＡクラウンプラザホテル新潟
2469,S150064,大佐渡温泉 ホテル大佐渡
2470,S150065,佐渡リゾート ホテル吾妻
2484,S150079,和泉屋
2499,S150094,ｒｙｕｇｏｎ
2502,S150097,ひなの宿ちとせ
2503,S150098,当間高原リゾート・ベルナティオ
49163,S150224,新潟・岩室温泉・自家源泉の宿・富士屋
51343,S150231,四季Ｆｏｕｒ Ｓｅａｓｏｎｓ ＹＵＺＡＷＡ ＱＵＡＴＴＲＯ
80965,S150342,嵐渓荘
102083,S150409,白玉の湯 華鳳 別邸 越の里
116524,S150506,著莪の里 ゆめや
141755,S150587,ロッテアライリゾート
151164,S150619,環翠楼
2547,S160003,延楽
2549,S160005,黒部・宇奈月温泉 やまのは
2559,S160015,富山エクセルホテル東急
2560,S160016,ＡＮＡクラウンプラザホテル富山
2571,S160027,オークスカナルパークホテル富山
2581,S160037,氷見温泉郷 くつろぎの宿 うみあかり
2587,S160043,大牧温泉 観光旅館
58883,S160068,桜ヶ池クアガーデン
69003,S160074,お宿 いけがみ
153361,S160138,ダブルツリーｂｙヒルトン富山
2589,S170002,輪島温泉 八汐
2590,S170003,海遊 能登の庄
2595,S170008,加賀屋
2596,S170009,あえの風
2597,S170010,日本の宿のと楽
2598,S170011,多田屋
2599,S170012,ゆけむりの宿 美湾荘
2609,S170022,金沢東急ホテル
2610,S170023,金沢白鳥路 ホテル山楽
2612,S170025,ホテル日航金沢
2613,S170026,金沢 茶屋
2621,S170034,金城樓
2636,S170049,まつさき
2653,S170066,吉祥やまなか
2655,S170068,胡蝶
2657,S170070,花紫
2659,S170072,厨八十八
2663,S170076,瑠璃光
2664,S170077,葉渡莉
2665,S170078,ゆのくに天祥
2668,S170081,たちばな四季亭
2669,S170082,森の栖 リゾート＆スパ
2678,S170091,法師
51064,S170124,深谷温泉 元湯石屋
59283,S170149,ホテル ききょう
127703,S170226,加賀屋別邸 松乃碧
141923,S170237,雨庵 金沢
149284,S170256,白鷺の湯 能登 海舟
149287,S170257,ハイアット ハウス 金沢
151367,S170266,旅亭 萬葉
151648,S170268,薪の音 金澤
151671,S170270,山乃尾別邸 緑草音
151674,S170271,ホテル らしく金沢
152350,S170277,金茶寮
152939,S170280,ＴＨＥ ＨＯＴＥＬ ＳＡＮＲＡＫＵ ＫＡＮＡＺＡＷＡ
153277,S170281,山代温泉 みやびの宿 加賀百万石 別邸「奏」
153487,S170282,ＳＯＫＩ ＫＡＮＡＺＡＷＡ
2685,S180002,まつや千千
2686,S180003,グランディア芳泉
2689,S180006,伝統旅館のぬくもり 灰屋
2690,S180007,つるや
145635,S180185,永平寺 親禅の宿 柏樹關
2748,S190031,慶雲館
2755,S190038,風のテラス ＫＵＫＵＮＡ（くくな）
2756,S190039,秀峰閣 湖月
2757,S190040,湖南荘
2763,S190046,うぶや
153605,S190334,フォレストヴィレッジ
153628,S190335,ＶＩＳＩＯＮ ＧＬＡＭＰＩＮＧ Ｒｅｓｏｒｔ＆Ｓｐａ 山中湖（ビジョングランピングリゾート）
2843,S200044,ホテルグランフェニックス奥志賀
2864,S200065,上林ホテル仙壽閣
2888,S200089,ホテルメトロポリタン長野
2904,S200105,貴賓館 旅亭たかの
2906,S200107,笹屋ホテル
2917,S200118,旅館花屋
2939,S200140,軽井沢プリンスホテル イーストフォレストツイン
2941,S200142,ザ・プリンス軽井沢
2944,S200145,軽井沢浅間プリンスホテル
2945,S200146,万平ホテル
2946,S200147,ホテル鹿島ノ森
2954,S200155,ホテル紅や
2956,S200157,浜の湯
2960,S200161,布半
2970,S200171,蓼科東急ホテル
2989,S200190,八ヶ岳高原ロッジ
3002,S200203,ホテル シェラリゾート白馬
3005,S200206,白馬東急ホテル
3014,S200215,白馬リゾートホテル・ラ・ネージュ東館
3033,S200234,ＡＮＡホリデイ・インリゾート信濃大町くろよん
3054,S200255,翔峰
3057,S200258,明神館
3061,S200262,湯元齋藤旅館
3067,S200268,上高地ルミエスタホテル
62783,S200405,たてしな 藍
93583,S200687,渓谷に佇む隠れ宿 峡泉
109167,S200783,昼神の棲 玄竹
111726,S200802,七草の湯
132643,S200905,軽井沢マリオットホテル
141397,S200929,ルシアン旧軽井沢
144149,S200987,旧軽井沢ＫＩＫＹＯキュリオ・コレクションｂｙヒルトン
144990,S200989,ルグラン軽井沢ホテル＆リゾート
145615,S200991,中央アルプス杜の隠れ宿 季澄香
151744,S201037,かたくらシルクホテル
152309,S201040,ＧＬＡＭＰＲＯＯＫ飯綱高原
152916,S201045,Ｔｈｅ Ｈａｐｐｏ
152961,S201046,Ｍｏｕｎｔａｉｎ Ｓｉｄｅ
152962,S201047,八 ＨＡＣＨＩ
152963,S201048,ＮＩＶＩＡ
152974,S201049,旅館 さかや
152975,S201050,渓流荘 しおり絵
3091,S210002,匠の宿 深山桜庵
3107,S210018,湯元長座
3108,S210019,ひだホテルプラザ
3109,S210020,高山グリーンホテル
3110,S210021,飛騨亭花扇
3111,S210022,ホテルアソシア高山リゾート
3113,S210024,本陣平野屋 花兆庵
3114,S210025,本陣平野屋 別館
3116,S210027,花扇別邸 いいやま
3133,S210044,水明館
3141,S210052,今宵天空に遊ぶ しょうげつ
3159,S210070,都ホテル 岐阜長良川（旧：岐阜都ホテル）
3160,S210071,十八楼
3167,S210078,滝元館 遊季の里
30564,S210093,日本の宿 ひだ高山 倭乃里
68704,S210132,山神温泉 湯乃元館
134503,S210234,平湯温泉 もずも
148544,S210255,ホテル長良川の郷
151052,S210263,ｈｏｔｅｌ ａｒｏｕｎｄ ＴＡＫＡＹＡＭＡ
151326,S210264,隠庵 ひだ路
151344,S210265,寛ぎの舎 游
151632,S210267,八ツ三館
151667,S210268,満天の宿
151728,S210269,ＮＩＰＰＯＮＩＡ美濃商家町
151752,S210271,オーベルジュ玄珠
151801,S210272,ＨＯＴＥＬ ＷＯＯＤ 高山
152754,S210281,懐石宿 水鳳園
152955,S210282,鵜飼楽屋
153196,S210284,メルキュール飛騨高山
3170,S220002,熱海後楽園ホテル
3180,S220012,大観荘
3182,S220014,料亭旅館 熱海 小嵐亭
3206,S220038,青山やまと
3218,S220050,川奈ホテル
3227,S220059,吉祥ＣＡＲＥＮ
3240,S220072,稲取銀水荘
3246,S220078,食べるお宿 浜の湯
3274,S220106,季一遊
3290,S220122,三養荘
3298,S220130,新井旅館
3299,S220131,宙ＳＯＲＡ 渡月荘金龍
3301,S220133,柳生の庄
3340,S220172,日本平ホテル
3358,S220190,オークラアクトシティホテル浜松
5220,S220210,あたみ石亭
48143,S220250,離れ御宿 夢のや
60463,S220315,オーベルジュ ル・タン
70803,S220407,古屋旅館
121683,S220708,伊東 緑涌
149630,S220820,ねの湯 対山荘
150891,S220836,伊東遊季亭 川奈別邸
150892,S220837,伊東遊季亭
150893,S220838,玉峰館
150894,S220839,清流荘
151430,S220842,凪ノ庄
151529,S220843,別邸 そらのうえ
151530,S220844,別邸 ＫＵＲＯ
151534,S220845,ホテルグランバッハ熱海クレッシェンド
151555,S220850,おちあいろう
152004,S220860,真砂館
152816,S220863,浜名湖オーベルジュ キャトルセゾン
3386,S230010,ホテルアークリッシュ豊橋
3398,S230022,天の丸
3400,S230024,銀波荘
3404,S230028,姫宿 花かざし
3416,S230040,名古屋マリオットアソシアホテル
3432,S230056,ヒルトン名古屋
3433,S230057,名古屋観光ホテル
3438,S230062,名古屋東急ホテル
3456,S230080,ＡＮＡクラウンプラザホテルグランコート名古屋
58204,S230161,すず屋 海游亭
78683,S230212,月の渚
81783,S230217,天の丸別邸 風の谷の庵
86664,S230244,蒲郡クラシックホテル
124843,S230305,三井ガーデンホテル名古屋プレミア
127709,S230310,ストリングスホテル名古屋
134403,S230321,名古屋ＪＲゲートタワーホテル
140911,S230330,名古屋プリンスホテル スカイタワー
149185,S230364,ニッコースタイル名古屋
151681,S230386,ＳＨＡＲＥＳ ラグーナ蒲郡
151683,S230387,日間賀観光ホテル
151685,S230388,はづ木
151686,S230389,はづ合掌
152040,S230396,ホテルインディゴ犬山有楽苑
152169,S230402,コートヤード・バイ・マリオット名古屋
3482,S240002,ホテル花水木
3485,S240005,都ホテル 四日市
3510,S240030,メナード青山リゾート和風館雅楽司
3515,S240035,千の杜
3516,S240036,斎王の宮
3531,S240051,旅荘 海の蝶
3532,S240052,鳥羽シーサイドホテル
3533,S240053,戸田家
3539,S240059,鳥羽国際ホテル潮路亭
3540,S240060,鳥羽国際ホテル
3558,S240078,サン浦島 悠季の里
3562,S240082,心に宿る 芭新萃
3572,S240092,はいふう
3578,S240098,賢島宝生苑
3579,S240099,志摩観光ホテル ザ クラシック
3580,S240100,志摩観光ホテル ザ ベイスイート
3581,S240101,都リゾート 志摩 ベイサイドテラス
3585,S240105,ＮＥＭＵ ＲＥＳＯＲＴ ＨＯＴＥＬ ＮＥＭＵ
3593,S240113,都リゾート 奥志摩 アクアフォレスト
3598,S240118,ホテル季の座
3599,S240119,世界遺産リゾート 熊野倶楽部
5234,S240121,志摩地中海村
38024,S240141,御宿Ｔｈｅ Ｅａｒｔｈ
41083,S240142,伊勢外宮参道 伊勢神泉
41463,S240143,いにしえの宿 伊久
53746,S240161,湯元館ニュー浜島
99603,S240269,アクアイグニス 片岡温泉
131283,S240309,ＴＨＥ ＨＩＲＡＭＡＴＳＵ ＨＯＴＥＬＳ ＆ ＲＥＳＯＲＴＳ 賢島
141932,S240333,アマネム
149715,S240369,湯の山 素粋居
151123,S240372,ホテルヴィソン（ＶＩＳＯＮ）
151124,S240373,旅籠ヴィソン（ＶＩＳＯＮ）
151364,S240375,ＡＵＢＥＲＧＥ ＹＵＳＵＲＡ
151386,S240376,月夜見の座
151659,S240378,汀渚 ばさら邸
152105,S240381,大石屋
152341,S240383,ＮＩＰＰＯＮＩＡ ＨＯＴＥＬ 伊賀上野 城下町
152354,S240384,ＴＨＥ ＨＩＲＡＭＡＴＳＵ ＨＯＴＥＬＳ＆ＲＥＳＯＲＴＳ賢島
152447,S240385,Ｖｉｌｌａ お伽噺
153297,S240388,ＫＡＴＡＤＡ Ｌｏｄｇｅ＆Ｖｉｌｌａ
3601,S250002,浜湖月
3605,S250006,料亭旅館 やす井
3611,S250012,琵琶湖マリオットホテル
3614,S250015,琵琶湖ホテル
3622,S250023,湯元舘
3626,S250027,びわこ緑水亭
3627,S250028,びわ湖花街道
151684,S250159,湖北ノ空 二人ノ宿 きひろ
3633,S260002,ホテルグランヴィア京都
3636,S260005,リーガロイヤルホテル京都
3638,S260007,京都センチュリーホテル
3652,S260021,京都東急ホテル
3668,S260037,ホテル日航プリンセス京都
3679,S260048,炭屋旅館
3683,S260052,松井本館
3695,S260064,京都ホテルオークラ
3698,S260067,柊家旅館
3713,S260082,京都ブライトンホテル
3728,S260097,晴鴨樓
3742,S260111,ウェスティン都ホテル京都
3753,S260122,旅亭 嵐月
3761,S260130,ザ・プリンス 京都宝ヶ池
3770,S260139,すみや亀峰菴
3775,S260144,文珠荘
3777,S260146,文珠荘松露亭
3783,S260152,茶六 別館
30283,S260173,ザ ロイヤルパークホテル 京都三条
50723,S260203,祇園 吉今
54543,S260219,京小宿 八坂 ゆとね
57503,S260223,京 ＹＵＮＯＨＡＮＡ ＲＥＳＯＲＴ 翠泉
90553,S260324,料理旅宿井筒安
94624,S260346,翠嵐ラグジュアリーコレクションホテル京都
110346,S260359,いっぺん庵
127123,S260391,藏や清水五条
127163,S260393,藏や大宮島原
127725,S260397,フォーシーズンズホテル京都
137423,S260434,ＫＩＺＡＳＨＩ ＴＨＥ ＳＵＩＴＥ
139603,S260441,ホテル ザ セレスティン 京都祇園
141127,S260458,上七軒 億
141398,S260459,ＴＨＥ ＪＵＮＥＩ ＨＯＴＥＬ 京都御所西
141952,S260469,ザ ロイヤルパークホテル 京都四条
141955,S260472,清水小路 坂のホテル京都
144380,S260506,ＴＨＥ ＴＨＯＵＳＡＮＤ ＫＹＯＴＯ
146061,S260532,ＴＨＥ ＳＣＲＥＥＮ
147380,S260544,吉田山荘
148114,S260552,ＧＯＯＤ ＮＡＴＵＲＥ ＨＯＴＥＬ ＫＹＯＴＯ
149187,S260572,Ｔｈｅ Ｈｏｔｅｌ Ｓｅｉｒｙｕ Ｋｙｏｔｏ Ｋｉｙｏｍｉｚｕ（ザ・ホテル青龍 京都清水）
149201,S260574,ザ ロイヤルパークホテル 京都梅小路
149863,S260591,フォションホテル京都
150030,S260592,エースホテル京都
150034,S260596,アマン京都
150041,S260600,ＭＯＧＡＮＡ
150072,S260609,パークハイアット京都
151365,S260626,京小宿 室町 ゆとね
151368,S260627,ＴＨＥ ＪＵＮＥＩ ＨＯＴＥＬ 京都
151384,S260628,ＣＡＭＰＴＯＮ 東山ろく
151385,S260629,ＣＡＭＰＴＯＮ 清水
151387,S260630,京宿うさぎ
151426,S260632,夕彩Ｒｅｓｏｒｔ響季
151433,S260633,藏や 千本三条
151434,S260634,藏や 上五条町
151435,S260635,藏や 南聖町
151436,S260636,藏や 聚楽第
151438,S260638,しばし 梅屋町
151528,S260642,大原温泉湯元 旬味草菜 お宿 芹生
151554,S260643,佳松苑はなれ櫂
151650,S260649,ホテルハーヴェスト京都鷹峯
151673,S260650,もみぢ家別館 川の庵
151761,S260653,ＴＨＥ ＨＯＴＥＬ ＨＩＧＡＳＨＩＹＡＭＡ ｂｙ Ｋｙｏｔｏ Ｔｏｋｙｕ Ｈｏｔｅｌ
151762,S260654,ザ ロイヤルパークホテル アイコニック 京都
151888,S260673,ホテルオークラ京都 岡崎別邸
151984,S260691,京町家貸切宿 高瀬川七条
152364,S260698,ＴＨＥ ＧＡＴＥ ＨＯＴＥＬ 京都高瀬川 ｂｙ ＨＵＬＩＣ
3798,S270003,コートヤード・バイ・マリオット 新大阪ステーション
3805,S270010,ウェスティンホテル大阪
3806,S270011,ホテル阪急インターナショナル
3814,S270019,ヒルトン大阪
3816,S270021,ザ・リッツ・カールトン大阪
3826,S270031,帝国ホテル 大阪
3834,S270039,リーガロイヤルホテル
3841,S270046,セントレジスホテル大阪
3850,S270055,ホテルニューオータニ大阪
3864,S270069,ホテル日航大阪
3871,S270076,スイスホテル南海大阪
3877,S270082,シェラトン都ホテル大阪
3916,S270121,ホテル日航関西空港
44763,S270159,大阪マリオット都ホテル
77683,S270251,ザ パーク フロント ホテル アット ユニバーサル・スタジオ・ジャパン
136927,S270306,コンラッド大阪
148117,S270437,ザロイヤルパークホテルアイコニック大阪御堂筋
148312,S270443,ホテルロイヤルクラシック大阪
149721,S270478,ゼンティス大阪（Ｚｅｎｔｉｓ Ｏｓａｋａ）
150716,S270490,Ｗ大阪
151531,S270502,南天苑
3924,S280005,ホテル若水
3931,S280012,ＯＲＩＥＮＴＡＬ ＨＯＴＥＬ
3940,S280021,神戸北野ホテル
3945,S280026,ホテルオークラ神戸
3946,S280027,神戸メリケンパークオリエンタルホテル
3952,S280033,神戸ポートピアホテル
3961,S280042,有馬グランドホテル
3962,S280043,兵衛向陽閣
3964,S280045,欽山
3965,S280046,銀水荘 兆楽
3979,S280060,ＮＥＳＴＡ ＲＥＳＯＲＴ ＫＯＢＥ（ネスタリゾート神戸）
3983,S280064,西村屋ホテル招月庭
3984,S280065,大西屋 水翔苑
3989,S280070,西村屋本館
3994,S280075,三木屋
4003,S280084,ホテル 金波楼
4009,S280090,佳泉郷 井づつや
4010,S280091,朝野家
4022,S280103,潮彩きらら祥吉
4025,S280106,グランドニッコー淡路
4026,S280107,ホテルニューアワジ別亭 淡路夢泉景
4027,S280108,ホテルニューアワジ
4036,S280117,ホテルニューアワジ プラザ淡路島
4041,S280122,ホテル アナガ
30207,S280137,月光園 鴻朧館
32804,S280152,中の坊 瑞苑
36705,S280161,ホテルラ・スイート神戸ハーバーランド
44943,S280167,あわじ浜離宮
66583,S280200,有馬山叢 御所別墅
66623,S280201,陶泉 御所坊
66643,S280202,ホテル花小宿
94205,S280253,サンセットビューホテル けひの海
107803,S280267,神戸みなと温泉蓮
111223,S280286,高山荘 華野
128843,S280328,川本屋
146254,S280376,宝塚ホテル
151427,S280401,天地の宿 奥の細道
151537,S280402,夢乃井庵 夕やけこやけ
151627,S280403,赤穂温泉 呑海楼
151679,S280404,セトレ ハイランドヴィラ姫路
151720,S280406,城崎円山川温泉 銀花（共立リゾート）
4045,S290002,奈良ホテル
4053,S290010,ＡＮＤＯ ＨＯＴＥＬ 奈良若草山
5256,S290073,春日奥山 月日亭
147623,S290155,門前宿 和空法隆寺
147823,S290157,湯乃谷千慶
151570,S290168,うぶすなの郷 ＴＯＭＩＭＯＴＯ
151658,S290169,ＮＩＰＰＯＮＩＡ 田原本 マルト醤油
151670,S290170,和鹿彩 別邸
151680,S290171,セトレ ならまち
4120,S300007,碧き島の宿 熊野別邸 中の島
4138,S300025,白浜古賀の井リゾート＆スパ
4141,S300028,ＩＮＦＩＮＩＴＯ ＨＯＴＥＬ＆ＳＰＡ 南紀白浜（インフィニートホテル＆スパ 南紀白浜）
4144,S300031,ホテル川久
151669,S300201,ＸＹＺ スペチアーレ
4225,S310008,依山楼岩崎
4228,S310011,三朝薬師の湯 万翆楼
4242,S310025,華水亭
134603,S310076,三朝温泉 旅館大橋
4255,S320004,なにわ一水
4256,S320005,松平閣
4260,S320009,佳翠苑皆美
4269,S320018,湯之助の宿 長楽園
66383,S320101,皆美館
134487,S320141,旅館ぬしや
136928,S320142,天然温泉大社の湯 いにしえの宿 佳雲
4298,S330007,季譜の里
4302,S330011,ホテルリマーニ
63603,S330064,料理旅館 鶴形
146468,S330125,ザ・シロヤマテラス津山別邸
151553,S330137,登録有形文化財の宿 名泉鍵湯 奥津荘
4347,S340007,ホテル鴎風亭
4363,S340023,ホテルグランヴィア広島
4365,S340025,リーガロイヤルホテル広島
4401,S340061,宮島グランドホテル有もと
4402,S340062,岩惣
5258,S340074,シェラトングランドホテル広島
30544,S340078,汀邸遠音近音
151276,S340264,江田島荘
151445,S340266,Ａｚｕｍｉ Ｓｅｔｏｄａ
4426,S350013,松田屋ホテル
4435,S350022,萩本陣
4436,S350023,萩城三の丸 北門屋敷
4439,S350026,和のオーベルジュ 萩八景 雁嶋別荘
4442,S350029,萩の宿 常茂恵
4444,S350031,大谷山荘
4454,S350041,春帆楼本店
44963,S350055,やまぐち・湯田温泉 古稀庵
142789,S350111,下関温泉 風の海
4475,S360013,アオアヲ ナルト リゾート
4482,S360020,和の宿 ホテル祖谷温泉
4489,S370004,夕凪の湯 ＨＯＴＥＬ 花樹海
4506,S370021,ことひら温泉 琴参閣
4507,S370022,琴平グランドホテル 桜の抄
4508,S370023,湯元こんぴら温泉華の湯 紅梅亭
146755,S370107,ことひら温泉 御宿 敷島館
4543,S380018,大和屋本店
4544,S380019,道後舘
4547,S380022,ホテル古湧園 遥
4549,S380024,道後御湯
4552,S380027,ふなや
4556,S380031,道後温泉八千代
4560,S380035,別邸 朧月夜
151739,S380143,道後温泉 葛城 琴の庭
152311,S380145,ＧＬＡＭＰＲＯＯＫしまなみ
152774,S380146,大和屋別荘
153015,S380147,ＨＯＴＥＬ ＬＥＰＯ ＣＨＡＨＡＬ
153016,S380148,ＣＨＡＨＡＲＵ離れ 道後夢蔵
4570,S390002,城西館
4591,S390023,足摺パシフィックホテル花椿
151755,S390132,オーベルジュ土佐山
4601,S400004,リーガロイヤルホテル小倉
4613,S400016,都ホテル 博多
4616,S400019,ホテル日航福岡
4634,S400037,ホテルオークラ福岡
4642,S400045,西鉄グランドホテル
4644,S400047,ソラリア西鉄ホテル福岡
4656,S400059,ヒルトン福岡シーホーク
4659,S400062,ザ・ルイガンズ．スパ＆リゾート
4660,S400063,大丸別荘
30176,S400084,ザ ロイヤルパークホテル 福岡
46303,S400099,柳川藩主立花邸 御花
104003,S400222,アゴーラ福岡山の上ホテル＆スパ
132963,S400234,オテルグレージュ
145848,S400271,Ｇｒａｎｄ Ｅｍｐｉｒｅ Ｈｏｔｅｌ
152696,S400341,百年庭園の宿 翠水
4676,S410007,古湯温泉 ＯＮＣＲＩ
4677,S410008,唐津シーサイドホテル
4699,S410030,萬象閣敷島
4700,S410031,嬉野観光ホテル大正屋
55803,S410038,洋々閣
99903,S410069,ハミルトン宇礼志野
151753,S410086,太良嶽温泉 蟹御殿
4712,S420011,ホテルヨーロッパ（ハウステンボス直営）
4713,S420012,ホテルアムステルダム（ハウステンボス直営）
4715,S420014,ホテルオークラＪＲハウステンボス
4725,S420024,ザ・ホテル長崎 ＢＷプレミアコレクション
4726,S420025,ホテルニュー長崎
4729,S420028,にっしょうかん 別邸 紅葉亭
4737,S420036,ガーデンテラス長崎ホテル＆リゾート
4766,S420065,民芸モダンの宿 雲仙福田屋
4767,S420066,東園
4768,S420067,旅亭 半水盧
35803,S420092,五島列島リゾートホテル マルゲリータ
47644,S420096,オリーブベイホテル
97663,S420134,旅亭 彩月庵
151025,S420190,ヒルトン長崎
151689,S420191,セトレグラバーズハウス長崎
4798,S430015,ホテル日航熊本
4829,S430046,湯峡の響き 優彩
4834,S430051,黒川荘
4835,S430052,奥の湯
4842,S430059,清流山水花 あゆの里
80524,S430124,はなれの宿 千の森
99443,S430144,天草 天空の船
150651,S430201,山みず木
150652,S430202,山みず木別邸 深山山荘
151651,S430204,山もみじの宿 八芳園
4852,S440003,ホテル白菊
4872,S440023,杉乃井ホテル
4881,S440032,ＡＭＡＮＥ ＲＥＳＯＲＴ ＳＥＩＫＡＩ
4901,S440052,湯布院かほりの郷 はな村
4917,S440068,旅籠 かやうさぎ
4922,S440073,山荘 天水
61923,S440101,由布の彩 ＹＡＤＯＹＡ おおはし
61924,S440102,朝霧のみえる宿 ゆふいん花由
77504,S440135,フリューゲル久住
118523,S440176,宿房 翡翠之庄〜Ｔｈｅ Ｋｉｎｇｆｉｓｈｅｒ ｒｅｓｏｒｔ〜
120463,S440187,湯布院ほてい屋
132084,S440235,べっぷ昭和園
147064,S440260,ＡＮＡインターコンチネンタル別府リゾート＆スパ
151388,S440268,ＡＭＡＮＥ ＲＥＳＯＲＴ ＧＡＨＡＭＡ
151431,S440269,由布院別邸 樹
151432,S440270,由布院温泉 東匠庵
151540,S440271,由布院 ＺＥＮ
151585,S440272,旅籠Ｈａｔａｇｏ 香乃蔵
151624,S440273,旅亭 田乃倉
151625,S440274,湯布院 山灯館
151626,S440275,由布院 寛ぎの宿 なな川
151657,S440276,ゆふいん月燈庵
151758,S440277,山荘 神和苑
152619,S440281,由布院 梅園 ＧＡＲＤＥＮ ＲＥＳＯＲＴ
4940,S450004,旅館 神仙
4947,S450011,シェラトン・グランデ・オーシャンリゾート
146576,S450103,ガーデンテラス宮崎ホテル＆リゾート
4990,S460017,ＳＨＩＲＯＹＡＭＡ ＨＯＴＥＬ ｋａｇｏｓｈｉｍａ（旧：城山観光ホテル）
5004,S460031,いぶすき 秀水園
5005,S460032,指宿白水館
5025,S460052,屋久島いわさきホテル
72683,S460113,手塚ｒｙｏｋａｎ
84243,S460163,数寄の宿 野鶴亭
126243,S460247,ＴＨＥ ＳＣＥＮＥ（ザ シーン）
129424,S460263,竹千代霧島別邸
140869,S460271,ｓａｎｋａｒａ ｈｏｔｅｌ＆ｓｐａ 屋久島
144598,S460280,ラビスタ霧島ヒルズ
151574,S460287,いやしの里 松苑 離れ
5044,S470003,ザ・ナハテラス
5108,S470067,ジ・アッタテラスクラブタワーズ
5109,S470068,ＯＫＩＮＡＷＡ ＫＡＲＩＹＵＳＨＩ ＲＥＳＯＲＴ ＥＸＥＳ ＯＮＮＡ
5113,S470072,ルネッサンスリゾート オキナワ
5114,S470073,ＡＮＡインターコンチネンタル万座ビーチリゾート
5115,S470074,シェラトン沖縄サンマリーナリゾート
5118,S470077,カフーリゾートフチャク コンド・ホテル
5122,S470081,ホテル日航アリビラ
5127,S470086,ザ・ブセナテラス
5128,S470087,オリエンタルホテル 沖縄リゾート＆スパ（旧オキナワマリオットリゾート＆スパ）
5131,S470090,ザ・リッツ・カールトン沖縄
5140,S470099,カヌチャベイホテル＆ヴィラズ
5148,S470107,オクマ プライベートビーチ ＆ リゾート
5156,S470115,宮古島東急ホテル＆リゾーツ
5158,S470117,シギラベイサイドスイート アラマンダ
5166,S470125,ＡＮＡインターコンチネンタル石垣リゾート
5167,S470126,フサキビーチリゾート ホテル＆ヴィラズ
5171,S470130,ＯＫＩＮＡＷＡ ＫＡＲＩＹＵＳＨＩ ＲＥＳＯＲＴ ＥＸＥＳ ＩＳＨＩＧＡＫＩ
5185,S470144,はいむるぶし
5271,S470153,ザ・テラスクラブ アット ブセナ
33643,S470163,リーガロイヤルグラン沖縄
34743,S470166,百名伽藍
37523,S470167,ホテルモントレ沖縄スパ＆リゾート
44583,S470171,ホテルオリオンモトブリゾート＆スパ
44584,S470172,ヒルトン沖縄北谷リゾート
61603,S470205,ジ・ウザテラス ビーチクラブヴィラズ
94625,S470350,ハイアットリージェンシー那覇沖縄
101904,S470362,オリエンタルヒルズ沖縄
115603,S470375,ＭＡＧＡＣＨＡＢＡＲＵ ＯＫＩＮＡＷＡ
116584,S470381,ヴィラブリゾート
142425,S470466,ハイアットリージェンシー瀬良垣アイランド沖縄
144167,S470489,イラフＳＵＩラグジュアリーコレクションホテル沖縄宮古
145004,S470496,ハレクラニ沖縄
145109,S470498,ＯＫＩＮＡＷＡ ＫＡＲＩＹＵＳＨＩ ＲＥＳＯＲＴ ＥＸＥＳ ＮＡＨＡ
145853,S470504,ホテルコレクティブ
145854,S470505,ホテルシギラミラージュ
146482,S470510,グランディスタイル 沖縄 読谷 ホテル＆リゾート
146484,S470511,宮古島来間リゾート シーウッドホテル
148336,S470518,ヒルトン沖縄瀬底リゾート
151029,S470549,ＭＢ ＧＡＬＬＥＲＹ ＣＨＡＴＡＮ ｂｙ ＴＨＥ ＴＥＲＲＡＣＥ ＨＯＴＥＬＳ
151032,S470551,ＨＩＹＯＲＩオーシャンリゾート沖縄
151324,S470556,ブルーオーシャンホテル＆リゾート宮古島
151571,S470561,Ｇｒａｎｄ Ｂｌｅｕ Ｇａｍｉｎ
152084,S470576,瀬底山水
152191,S470580,琉球ホテル＆リゾート 名城ビーチ
152228,S470581,ＡＱＵＡＳＥＮＳＥ Ｈｏｔｅｌ ＆ Ｒｅｓｏｒｔ
152372,S470584,ロワジールテラス＆ヴィラズ古宇利
152886,S470589,アウェイ沖縄古宇利島リゾート
